code,year,habitatloss,co2emission
AGO,2015,161718.9696,57196742.8
ALA,2015,567.2330418,167136.8225
ALB,2015,283.5747371,115780.2892
AND,2015,2.167783333,1051.134146
ARG,2015,180233.1055,52551489.82
ARM,2015,1.990115394,741.7626531
ATG,2015,8.907470701,2568.892343
AUS,2015,261575.0042,71766205.2
AUT,2015,7937.704884,4158703.818
AZE,2015,26.74519296,9027.828324
BDI,2015,1458.37852,647471.3513
BEL,2015,3420.273924,1888096.256
BEN,2015,598.3973629,295683.4808
BFA,2015,0,2711.445211
BGD,2015,12603.76175,6181317.113
BGR,2015,7293.179859,3243873.503
BHS,2015,1089.013112,355118.2453
BIH,2015,580.5048923,292828.9082
BLM,2015,0.0733041861,21.29730894
BLR,2015,33899.29608,12253061.12
BLZ,2015,12270.85994,5722050.518
BOL,2015,166275.2537,72884274.46
BRA,2015,2222772.418,1312104719
BRB,2015,1.948700425,834.9366304
BRN,2015,1761.270631,1084387.087
BTN,2015,746.5236082,377405.9614
BWA,2015,0,44.26086197
CAF,2015,27315.83103,11866409.4
CAN,2015,2733439.29,426600016.5
CHE,2015,772.5663228,413806.4229
CHL,2015,106106.6837,44564694.7
CHN,2015,490444.5825,217482068
CIV,2015,152432.4521,77084508.7
CMR,2015,78969.88323,47081846
COD,2015,928115.6381,580558447.4
COG,2015,47822.97021,27515025
COL,2015,140855.7032,80321490.9
COM,2015,429.4617172,208679.5809
CRI,2015,3299.604933,1808437.128
CUB,2015,6725.978202,2480693.003
CUW,2015,0.9029118817,302.4282427
CYM,2015,0.07251709539,37.5708491
CYP,2015,20.43445921,6588.356015
CZE,2015,8046.992557,4038982.828
DEU,2015,12929.4929,6715184.024
DMA,2015,1.855631711,1172.95647
DNK,2015,2583.230426,894871.4575
DOM,2015,15090.56348,6542964.151
DZA,2015,5706.8457,1757683.081
ECU,2015,30077.59865,20305188.67
EGY,2015,31.6431485,6643.510539
ERI,2015,0,42.56956353
ESP,2015,65413.8692,25962520.37
EST,2015,25420.2959,7839430.04
ETH,2015,10276.47095,4426696.067
FIN,2015,172639.4312,37719653.17
FJI,2015,1838.352679,1058037.821
FRA,2015,37292.53033,18360783.06
GAB,2015,25472.55034,16368328.43
GBR,2015,23996.89602,10543252.35
GEO,2015,42.8506224,18046.73036
GHA,2015,57407.38759,30607036.82
GIN,2015,161820.018,68878011.21
GLP,2015,71.39707073,27911.83302
GMB,2015,10.04047817,3025.527525
GNB,2015,12661.21692,4924861.125
GNQ,2015,7468.600135,4926874.309
GRC,2015,3840.002978,1126135.14
GRD,2015,6.698007765,3767.095408
GTM,2015,54147.3393,26006464.86
GUF,2015,2867.502652,2113134.968
GUY,2015,13084.17904,8503596.116
HKG,2015,23.72139668,8252.196948
HND,2015,50242.48685,23963401.29
HRV,2015,2669.04807,1118206.357
HTI,2015,3087.564796,1216079.373
HUN,2015,10720.01287,4173784.025
IDN,2015,1746470.535,1167358231
IMN,2015,11.11626567,3981.47637
IND,2015,116308.117,55793326.18
IRL,2015,4484.169138,2181914.596
ISR,2015,51.33272803,13655.73264
ITA,2015,14124.46245,4629614.497
JAM,2015,2903.314883,1525299.052
JEY,2015,0.1013624308,27.99651498
JOR,2015,0.3915837516,84.31649579
JPN,2015,31145.40276,14941696.2
KAZ,2015,181.1622937,72444.84505
KEN,2015,15615.50086,8459176.922
KHM,2015,132701.1436,80663978.15
KNA,2015,0.9566715461,555.3054162
KOR,2015,17340.92648,6037450.791
LAO,2015,285028.8419,147416338.5
LBN,2015,173.6172988,51814.7615
LBR,2015,186009.8987,99270317.44
LBY,2015,0.1947858499,35.55110107
LCA,2015,7.175106601,3486.174806
LIE,2015,1.317510179,821.7369197
LKA,2015,7402.862736,2671439.646
LSO,2015,0.9344551757,410.2666303
LTU,2015,15794.33939,5579165.742
LUX,2015,327.4653115,193949.7751
LVA,2015,30829.68652,10352621.81
MAC,2015,0.6426038812,0
MAR,2015,951.9919859,287547
MDA,2015,495.7353512,158723.1795
MDG,2015,301788.6583,149295850.8
MEX,2015,197650.8808,83681027.64
MKD,2015,784.3280615,348178.8516
MLI,2015,204.1535159,69808.0695
MMR,2015,293305.1696,157422329.1
MNE,2015,180.9633995,98254.44673
MNG,2015,7145.278874,1083043.804
MOZ,2015,181386.8424,67711161.34
MSR,2015,0.1474813919,95.36780151
MTQ,2015,31.572052,14329.84645
MWI,2015,10785.17999,4627720.12
MYS,2015,454345.0341,252865147.8
MYT,2015,18.08987841,7983.936074
NAM,2015,0.2203955963,119.7420768
NCL,2015,486.1010029,197001.7292
NGA,2015,40927.54611,22700929.7
NIC,2015,35523.97517,19572637.44
NLD,2015,894.1996832,405811.5192
NOR,2015,36638.88559,9372308.974
NPL,2015,579.3662048,292253.3951
NZL,2015,64003.26988,42446773.55
PAK,2015,2.41608826,843.673302
PAN,2015,10553.67686,5921734.954
PER,2015,166499.9409,106237708.9
PHL,2015,65895.64634,37480686.6
PNG,2015,180806.5671,126513449.3
POL,2015,42742.66673,16837268.73
PRI,2015,722.2241255,316515.2987
PRK,2015,10852.58417,3103520.158
PRT,2015,46097.02544,16527645.83
PRY,2015,279375.4363,63581511.87
PSE,2015,0.1302804113,30.56318096
REU,2015,8.562228997,2646.949156
ROU,2015,10906.34985,5386554.747
RUS,2015,2332111.358,459675695.3
RWA,2015,2216.721228,1556193.023
SDN,2015,8.055737398,2232.445853
SEN,2015,293.4962398,77587.95278
SGP,2015,154.9748025,59025.26595
SLB,2015,14970.04616,11751616.31
SLE,2015,232761.3536,109429561.2
SLV,2015,2388.834197,1031945.069
SMR,2015,0.1672727961,46.34540362
SOM,2015,65.91837288,11170.6739
SRB,2015,2815.440175,1363041.386
SSD,2015,2459.852673,917673.9553
SUR,2015,11921.19553,8869428.494
SVK,2015,5282.688761,2701902.731
SVN,2015,1024.527525,579320.2903
SWE,2015,216031.2398,55627868.18
SWZ,2015,3215.781354,1482706.82
SYR,2015,2393.171169,564578.7728
TCA,2015,21.25021906,5812.487885
TCD,2015,2591.368461,757444.5023
TGO,2015,940.2958102,460274.8093
THA,2015,120807.656,68922998.36
TLS,2015,862.9100053,405753.7169
TTO,2015,668.193641,377111.2516
TUN,2015,1880.022717,583917.9155
TUR,2015,27735.28448,8072728.691
TWN,2015,942.6410426,424610.0761
TZA,2015,111961.2955,37946763.44
UGA,2015,54021.49584,23652786.22
UKR,2015,48913.50216,19538813.21
URY,2015,17547.92121,24302673.36
USA,2015,2289649.128,792274573.8
VCT,2015,1.723567254,957.0388673
VEN,2015,61435.84378,28093832.16
VIR,2015,0.292475154,136.2560975
VNM,2015,217883.2096,144419546.6
VUT,2015,3476.160228,1930958.183
XAD,2015,5.275077679,2063.894023
XKO,2015,470.7798667,248900.9396
XNC,2015,15.28249083,3907.089863
ZAF,2015,70156.99448,44452989.31
ZMB,2015,87590.81871,32376743.18
ZWE,2015,12261.73876,4931299.498
AGO,2016,229710.4874,81085688.55
ALA,2016,672.6592338,199470.9091
ALB,2016,928.4496223,350439.6034
AND,2016,0.6275108286,280.7917572
ARG,2016,230189.4211,60923810.79
ARM,2016,30.04757964,11398.63527
ATG,2016,14.42539974,3740.987619
AUS,2016,430902.9031,137105386
AUT,2016,17210.29319,9247964.909
AZE,2016,25.47520987,9911.024295
BDI,2016,1575.87445,730964.3508
BEL,2016,4512.342534,2479854.295
BEN,2016,2015.977818,1088800.676
BFA,2016,0,1171.578793
BGD,2016,21196.22802,10995113.96
BGR,2016,7394.538858,3453194.126
BHS,2016,3136.084655,831922.6769
BIH,2016,2307.979526,1292544.742
BLR,2016,90486.83569,32958633.28
BLZ,2016,20510.70581,10161464.39
BOL,2016,470600.8214,211196533.3
BRA,2016,5378844.035,3203364019
BRB,2016,14.31625899,4720.532944
BRN,2016,2572.584128,1580642.799
BTN,2016,1962.952323,1089402.914
BWA,2016,0.7276476864,193.526697
CAF,2016,51151.99412,28385623.61
CAN,2016,2084423.183,427002593.8
CHE,2016,1678.990099,910964.3483
CHL,2016,113904.3938,51151068.38
CHN,2016,718689.1052,316938290.1
CIV,2016,221099.8113,114968944.4
CMR,2016,116619.23,71587812.22
COD,2016,1381278.349,880547717.5
COG,2016,114303.4895,72729237.4
COL,2016,290956.3058,165597044.8
COM,2016,124.3647881,58502.35771
CRI,2016,13791.39424,7554845.281
CUB,2016,74052.69806,39676397.95
CUW,2016,2.40785431,1051.174872
CYM,2016,70.06050036,18348.37233
CYP,2016,568.9153941,102873.1047
CZE,2016,22808.49165,12048922.12
DEU,2016,26877.0592,14213751.41
DMA,2016,7.123976756,3779.233342
DNK,2016,4656.34052,1615601.737
DOM,2016,24907.40484,11548799.75
DZA,2016,8011.483779,2553452.632
ECU,2016,44042.95668,29430541.87
EGY,2016,36.72802966,7634.216242
ESP,2016,107562.3649,43019767.36
EST,2016,36334.86698,11385143.56
ETH,2016,19581.64311,8270983.015
FIN,2016,240428.3853,51797040.59
FJI,2016,8372.994077,4931016.29
FRA,2016,60768.46951,29713261.51
GAB,2016,32150.61792,20845862.64
GBR,2016,28808.24699,12781424
GEO,2016,523.4219911,215325.397
GHA,2016,119244.5618,64200608.59
GIN,2016,216012.2655,93328030.91
GLP,2016,70.02423404,26488.16197
GMB,2016,5.170541242,1536.743
GNB,2016,16120.14553,6606571.149
GNQ,2016,9544.934007,6281121.63
GRC,2016,6034.199903,1450309.244
GRD,2016,59.44976266,32723.69982
GTM,2016,178396.804,88233970.28
GUF,2016,6127.211342,4531880.84
GUY,2016,26512.13671,16483691.94
HKG,2016,43.04229534,17637.90811
HND,2016,188442.8673,88740370.65
HRV,2016,5372.963121,2537829.111
HTI,2016,17267.08006,8697748.066
HUN,2016,14020.675,5444787.661
IDN,2016,2422071.537,1493774594
IMN,2016,17.57841298,6737.57238
IND,2016,175362.3446,87460835.73
IRL,2016,9388.156921,4569254.608
IRN,2016,2.407965007,651.3458419
IRQ,2016,0.491736271,128.6645504
ISR,2016,64.87129809,17544.85425
ITA,2016,24721.59098,8344360.111
JAM,2016,1991.389667,1013269.754
JPN,2016,54993.73162,26696887.86
KAZ,2016,1288.550612,459160.0347
KEN,2016,19048.30696,10463233.24
KGZ,2016,11.52477709,4120.674391
KHM,2016,182417.9536,109590486.2
KNA,2016,8.388895962,4716.259719
KOR,2016,22537.65417,7970883.398
LAO,2016,388035.2544,201564724.3
LBN,2016,266.2743406,79106.7175
LBR,2016,168585.9701,92276499.6
LBY,2016,0.5194896308,113.4326793
LCA,2016,107.1703849,60592.28802
LIE,2016,5.163633093,3233.916344
LKA,2016,17490.12522,6375582.178
LSO,2016,15.3432299,3469.16899
LTU,2016,25531.68712,9012102.999
LUX,2016,520.6800895,310562.1726
LVA,2016,44945.46223,15214969.06
MAR,2016,2041.202567,588420.175
MDA,2016,833.480387,261818.2885
MDG,2016,383655.625,197161060.1
MEX,2016,274182.5821,120406516.2
MKD,2016,1496.476601,677241.4088
MLI,2016,204.828311,70410.3217
MMR,2016,362552.3886,197851496.3
MNE,2016,1119.526833,632477.2458
MNG,2016,4142.11333,853860.9597
MOZ,2016,250552.8122,94288818.72
MSR,2016,6.268593425,3236.890005
MTQ,2016,26.05926788,11866.7519
MWI,2016,13509.33156,5580021.916
MYS,2016,565249.1818,305477480.7
MYT,2016,83.46931421,37920.90272
NAM,2016,1.320688188,327.3930011
NCL,2016,1323.908593,562418.2976
NGA,2016,72189.38697,40388600.04
NIC,2016,142443.7488,79005269.07
NLD,2016,1406.638251,641753.4713
NOR,2016,60081.68603,15604405.91
NPL,2016,998.5134169,513024.0016
NZL,2016,80358.60654,52854621.56
PAN,2016,17316.70324,9798615.482
PER,2016,230961.6289,146594850.7
PHL,2016,129109.7071,74015838.37
PNG,2016,177925.927,117624087.8
POL,2016,86510.33713,34999286.54
PRI,2016,599.274683,286463.2949
PRK,2016,11509.25396,4056404.946
PRT,2016,94646.72429,30616019.75
PRY,2016,319823.3132,77694834.26
PSE,2016,0,8.790573495
REU,2016,7.404617179,3375.716373
ROU,2016,23045.15408,11920387.79
RUS,2016,5051685.723,926800489.6
RWA,2016,2777.671918,1978872.792
SDN,2016,26.67710691,7170.970886
SEN,2016,254.5573539,68022.6169
SGP,2016,154.359628,60545.52532
SLB,2016,17992.75599,13988615.7
SLE,2016,177686.7568,82956473.89
SLV,2016,5743.541114,2901871.725
SOM,2016,86.37904766,15700.36734
SRB,2016,4676.280416,2394574.963
SSD,2016,4067.781885,1694663.101
SUR,2016,16877.59638,12403828.29
SVK,2016,16942.84433,9056121.66
SVN,2016,5394.618919,3164747.373
SWE,2016,310348.3257,80912142.69
SWZ,2016,4801.902607,2146525.41
SXM,2016,0.2929652296,104.2818061
SYR,2016,1812.673701,443817.4486
TCA,2016,18.88706691,5106.482525
TCD,2016,3165.963229,934001.5025
TGO,2016,3463.788823,1810000.646
THA,2016,171638.6155,97385021.42
TKM,2016,0.05944391226,0
TLS,2016,1296.46727,609327.7794
TTO,2016,1351.196137,757599.3941
TUN,2016,1454.956106,476040.6904
TUR,2016,25633.04773,7363234.548
TWN,2016,3322.02311,1482840.872
TZA,2016,152854.2293,53073242.59
UGA,2016,67486.04452,30427509.67
UKR,2016,106760.5108,40510105.97
URY,2016,23688.34861,40346956.52
USA,2016,2264066.75,983256163.9
VCT,2016,16.03810072,8940.743054
VEN,2016,207335.8249,107694135.8
VGB,2016,2.850242975,1369.71579
VIR,2016,8.64897168,3404.258958
VNM,2016,353446.0207,241958866.3
VUT,2016,1340.674312,734394.7794
XAD,2016,8.644499366,2228.247192
XKO,2016,912.2313166,504321.9874
XNC,2016,21.97465567,5803.461837
ZAF,2016,73546.06795,49279140.1
ZMB,2016,141637.1995,52336688.79
ZWE,2016,10955.48063,4252088.15
AGO,2017,280456.3211,96214139.53
AIA,2017,1.170810984,280.2151887
ALA,2017,735.1438004,224333.8142
ALB,2017,1689.025033,546737.942
AND,2017,3.422160395,1900.889172
ARG,2017,233919.6778,64714502.84
ARM,2017,41.74731802,10133.00519
ATG,2017,71.8984098,19989.641
AUS,2017,236876.4576,92649321.58
AUT,2017,18405.68973,9927591.224
AZE,2017,80.10105221,24527.75609
BDI,2017,1775.192777,818064.5105
BEL,2017,4137.322686,2269620.512
BEN,2017,2238.446401,1073958.103
BFA,2017,0,1860.90266
BGD,2017,28376.54723,15249439.95
BGR,2017,7687.856635,3347186.546
BHS,2017,3703.936227,1385515.634
BIH,2017,1339.314768,663941.108
BLM,2017,0.0733017678,26.61279871
BLR,2017,78767.08866,29805992.62
BLZ,2017,16366.2743,7972166.19
BOL,2017,463194.4714,215416370.2
BRA,2017,4519833.171,2622777846
BRB,2017,15.81409675,6107.122591
BRN,2017,944.7101789,655192.0974
BTN,2017,1972.244379,1062759.694
BWA,2017,1.157179653,271.892563
CAF,2017,63910.17759,30724957.62
CAN,2017,2559736.04,524084715
CHE,2017,2542.414851,1399503.018
CHL,2017,214837.4809,75521253.85
CHN,2017,644239.3396,278232879.1
CIV,2017,357273.0222,190528917.6
CMR,2017,187281.052,110190784.4
COD,2017,1467956.658,927558507.5
COG,2017,63874.77359,39040921.05
COL,2017,424870.2839,241435046.4
COM,2017,307.943215,146993.1918
CRI,2017,22095.55522,12174071.25
CUB,2017,76813.80059,33128426.18
CUW,2017,0.8274102559,217.8808856
CYM,2017,73.62158437,20125.92326
CYP,2017,437.2696528,75347.67067
CZE,2017,26511.92283,14359960.62
DEU,2017,33000.27868,17453798.93
DMA,2017,23291.20987,14172552.81
DNK,2017,4360.353966,1546751.904
DOM,2017,27062.92509,12724942.94
DZA,2017,45978.5551,15856803.34
ECU,2017,71107.7558,49243300.82
EGY,2017,58.43038359,12092.20416
ESP,2017,98458.97696,37555323.35
EST,2017,38856.65723,12385571.77
ETH,2017,35403.50583,16643507.84
FIN,2017,336198.6682,73471648.11
FJI,2017,3091.618999,1784706.442
FRA,2017,69249.04325,34349375.69
GAB,2017,38643.85552,24859364.57
GBR,2017,23041.72585,10508144.03
GEO,2017,207.8981654,85760.95012
GHA,2017,115285.965,64762214.57
GIN,2017,231588.0209,103824625.2
GLP,2017,60.45295036,26133.34635
GMB,2017,8.093337744,2659.565262
GNB,2017,16436.50458,6836618.35
GNQ,2017,11937.94593,8036727.756
GRC,2017,8906.940785,1972879.342
GRD,2017,28.15271755,13100.25281
GTM,2017,79731.60582,39373541.13
GUF,2017,4144.336965,3095115.83
GUY,2017,19433.66403,13095674.17
HKG,2017,91.72549676,36305.41962
HND,2017,113473.7329,55837269.16
HRV,2017,5846.534456,2693654.288
HTI,2017,5498.831192,2514838.127
HUN,2017,14108.81691,5562004.917
IDN,2017,1300719.376,793309720
IMN,2017,18.11718344,6876.778272
IND,2017,189420.9659,96776062.85
IRL,2017,6128.753456,2980366.553
IRN,2017,109.9140751,29938.13599
IRQ,2017,0.983445182,221.6864764
ISR,2017,99.54904099,26553.62807
ITA,2017,34095.34985,10863901.44
JAM,2017,2200.054601,1126079.181
JEY,2017,1.468310967,520.6104613
JOR,2017,0.9805254551,232.2886659
JPN,2017,47612.4598,23450368.75
KAZ,2017,975.1769846,360631.7225
KEN,2017,22163.38815,12529113.48
KGZ,2017,55.75207341,21796.07669
KHM,2017,118333.2675,71119101.54
KNA,2017,3.678442645,1436.012174
KOR,2017,20758.71222,7489654.058
LAO,2017,349136.6257,178722316.4
LBN,2017,288.2091885,85929.73409
LBR,2017,203292.0351,112882562.7
LBY,2017,10.45294938,2499.922576
LCA,2017,83.5570397,44803.44741
LIE,2017,4.057775238,2517.544474
LKA,2017,13066.09839,5342897.14
LSO,2017,7.805554621,1785.491756
LTU,2017,25803.69264,9349102.15
LUX,2017,412.6665366,242927.0179
LVA,2017,47085.22204,16289165.22
MAC,2017,3.998465319,6.201753134
MAF,2017,4.174208933,1135.710093
MAR,2017,2366.567119,704781.6222
MDA,2017,1092.37954,346073.1137
MDG,2017,510356.8561,255132883.7
MEX,2017,298787.5381,131507360
MKD,2017,1144.614197,513049.7981
MLI,2017,331.9850058,115830.8911
MLT,2017,0.1251926625,31.53382077
MMR,2017,341844.6955,186337319.6
MNE,2017,1268.97162,393549.8852
MNG,2017,25238.39889,3877574.866
MOZ,2017,359011.1368,133974487.8
MSR,2017,0.1475148368,86.95163646
MTQ,2017,115.6933339,53117.25303
MWI,2017,15307.69408,6070723.869
MYS,2017,483416.1086,253324384.5
MYT,2017,44.36385522,21497.78948
NAM,2017,1.833584392,811.1253892
NCL,2017,1159.780569,521473.0769
NGA,2017,171045.4466,99388720.65
NIC,2017,211681.2541,118290844.8
NLD,2017,1333.202916,615433.3753
NOR,2017,57916.60368,15296330.1
NPL,2017,2394.083932,1455259.59
NZL,2017,74883.5155,51337618.7
PAK,2017,190.2467412,61239.37778
PAN,2017,30878.79188,17272352.08
PER,2017,303280.5197,185724876.4
PHL,2017,114280.5978,66946402.97
PNG,2017,117509.2545,87422964.35
POL,2017,96251.7538,39532774.07
PRI,2017,56205.35066,33146163.02
PRK,2017,8522.738368,3089803.438
PRT,2017,173894.8079,40958824
PRY,2017,360058.4073,100843195.8
PSE,2017,1.702968781,377.5243024
ROU,2017,19187.03312,9899241.664
RUS,2017,5288940.641,1134696697
RWA,2017,2728.818306,1941321.826
SDN,2017,74.64733217,19935.79841
SEN,2017,391.7954827,106955.7908
SGP,2017,262.6503472,110194.6103
SLB,2017,19761.3858,15770785.37
SLE,2017,232752.748,113180162.4
SLV,2017,4745.634265,2253927.579
SMR,2017,0.05572152468,10.47374975
SOM,2017,304.8967333,57371.68488
SRB,2017,3570.642009,1739165.729
SSD,2017,6856.227015,2932507.757
SUR,2017,18018.47528,14166661.37
SVK,2017,14213.00815,7662867.445
SVN,2017,4891.962533,2890231.636
SWE,2017,331217.2251,88193159.91
SWZ,2017,6376.503672,2619851.511
SXM,2017,4.540947524,1308.990516
SYR,2017,2146.569604,567051.414
TCA,2017,32.83492385,8864.00062
TCD,2017,6765.138654,2013180.604
TGO,2017,7186.209751,3962938.41
THA,2017,196456.5063,115238587.7
TJK,2017,0.1211538719,42.5976916
TKM,2017,0.06104725504,26.96229856
TLS,2017,1713.243284,841536.8659
TTO,2017,739.1110298,429898.6556
TUN,2017,8525.836503,2140114.8
TUR,2017,33901.12336,9524167.693
TWN,2017,2584.120536,1165392.906
TZA,2017,194875.8611,68120722.39
UGA,2017,116902.4545,52369962.3
UKR,2017,85853.87972,35047833.67
URY,2017,21859.3474,43537371.54
USA,2017,2311358.03,1049371468
UZB,2017,1.694133047,504.4929827
VCT,2017,30.79835,18211.54417
VEN,2017,166982.302,80233995.69
VGB,2017,229.3625617,100146.2701
VIR,2017,1126.425149,563292.5194
VNM,2017,286940.2922,201806468.1
VUT,2017,436.0919411,255460.9712
XAD,2017,1.334820453,320.8129571
XCA,2017,6.909046848,20.59187672
XKO,2017,626.36211,343993.7257
XNC,2017,27.65782827,7125.134894
ZAF,2017,94055.92503,57412229.15
ZMB,2017,162681.4736,58910913.95
ZWE,2017,25978.30455,11357700.76
ABW,2018,0.300630886,58.20997734
AFG,2018,25.70584525,7543.507653
AGO,2018,242552.4974,88895491.34
AIA,2018,0.2194748151,84.7813811
ALA,2018,619.7066888,197395.8118
ALB,2018,2048.769228,781535.0918
AND,2018,14.88821363,8662.622387
ARG,2018,172958.0946,45497421.17
ARM,2018,5.902521853,1964.763714
ATG,2018,162.814606,49748.51085
AUS,2018,250750.6987,84673908.08
AUT,2018,26310.09294,14834712.43
AZE,2018,75.32863976,22617.45256
BDI,2018,2874.575195,1461926.56
BEL,2018,4630.608123,2592688.985
BEN,2018,1825.970808,887983.1664
BES,2018,0.4407792715,159.4223103
BFA,2018,0,980.2874003
BGD,2018,19342.87285,10139561.13
BGR,2018,9753.980071,4552057.533
BHS,2018,913.7490764,324097.4231
BIH,2018,2673.670805,1454590.233
BLR,2018,87446.57021,33661962.65
BLZ,2018,11163.66632,5264564.672
BOL,2018,301855.8181,137428057.5
BRA,2018,2948462.08,1783794932
BRB,2018,22.63424415,8703.850645
BRN,2018,806.6344308,542239.1222
BTN,2018,1240.06449,703756.3746
BWA,2018,2.624943873,782.9087006
CAF,2018,40912.99304,18801516.22
CAN,2018,2142937.381,473503752.6
CHE,2018,3134.386775,1788459.636
CHL,2018,76897.64,36474436.93
CHN,2018,569452.9736,247361979.5
CIV,2018,324739.8778,177157571.9
CMR,2018,120813.9643,74958699.06
COD,2018,1373807.412,877525994.5
COG,2018,62697.90587,39125969.74
COL,2018,352434.0103,209191833.7
COM,2018,218.1590353,109844.3899
CPV,2018,10.8567903,0
CRI,2018,12337.85887,6963517.158
CUB,2018,14955.10307,6293408.267
CUW,2018,0.7522238867,232.4301016
CYM,2018,42.38853785,11745.77052
CYP,2018,32.45037143,9703.730603
CZE,2018,39206.38918,21567369.56
DEU,2018,52237.22546,29759619.19
DMA,2018,778.5652048,471027.6581
DNK,2018,3161.625253,1139579.208
DOM,2018,13970.42863,6377372.663
DZA,2018,5763.909736,1865557.604
ECU,2018,38709.38273,26943160.88
EGY,2018,62.7381515,12873.27813
ESP,2018,119649.0023,51447415.18
EST,2018,40038.15893,12938965.28
ETH,2018,18894.24322,8964131.956
FIN,2018,269954.7992,60592864.57
FJI,2018,1366.935363,799014.7658
FRA,2018,69201.43579,35758220.94
GAB,2018,26788.05632,17341042.36
GBR,2018,26251.4669,12019761.36
GEO,2018,300.04916,127500.4656
GGY,2018,0.1007252437,36.54724234
GHA,2018,151445.5949,86407934.02
GIN,2018,182895.3566,80746056.66
GLP,2018,100.8985828,46885.50404
GMB,2018,6.145941941,1510.539777
GNB,2018,14394.17076,6137675.615
GNQ,2018,7823.437087,5174419.368
GRC,2018,7122.192618,1810870.559
GRD,2018,109.8081576,62598.97085
GTM,2018,71160.90214,35792716
GUF,2018,3738.711204,2861566.649
GUY,2018,11760.82238,7724089.118
HKG,2018,156.1794881,66122.94424
HND,2018,76254.10504,39130677.2
HRV,2018,8285.340238,4234624.413
HTI,2018,4131.551805,1919828.351
HUN,2018,13798.78104,5521622.402
IDN,2018,1218732.516,733757609.3
IMN,2018,11.83651862,4483.061115
IND,2018,132232.993,65111763.01
IRL,2018,8380.343071,4197051.312
IRN,2018,67.98958789,17830.20334
ISR,2018,39.65515358,11104.25943
ITA,2018,38843.51052,13775176.78
JAM,2018,2232.636115,1179976.733
JEY,2018,0.05061539346,17.48608614
JPN,2018,50506.94951,25178376.47
KAZ,2018,1138.887815,431935.377
KEN,2018,15908.41524,8209415.034
KGZ,2018,17.37103547,2679.610251
KHM,2018,113205.2283,66919240.1
KNA,2018,4.854615695,2373.782243
KOR,2018,21850.01308,8008807.234
LAO,2018,294666.2512,150272144.3
LBN,2018,255.7411684,79545.92646
LBR,2018,204932.5448,114874082.2
LBY,2018,2.922318866,687.8686537
LCA,2018,33.7801534,19506.43029
LIE,2018,6.535024898,3675.560301
LKA,2018,13160.93808,5097781.717
LSO,2018,7.72213771,1530.119517
LTU,2018,19749.62219,7353067.301
LUX,2018,457.7822997,275634.8942
LVA,2018,46923.47807,16574677.69
MAC,2018,0.8568299275,0
MAR,2018,2078.081118,648349.9592
MDA,2018,861.5862956,288346.1639
MDG,2018,366619.9362,185457012.3
MEX,2018,267150.7211,118436409.9
MKD,2018,1542.931313,695230.4542
MLI,2018,298.7991858,97196.17736
MMR,2018,278708.797,150752881.2
MNE,2018,1652.242791,666008.4465
MNG,2018,9224.6366,1897567.418
MOZ,2018,172397.9818,64450820.57
MSR,2018,9.44280537,4645.200041
MTQ,2018,51.24024817,23850.11511
MWI,2018,15487.12801,6142838.594
MYS,2018,437984.518,224152840.5
MYT,2018,72.5835049,37509.42622
NAM,2018,7.933151081,2069.020482
NCL,2018,3069.441072,1365730.077
NGA,2018,119822.4568,69750572.09
NIC,2018,71374.94319,40943880.53
NLD,2018,1271.228541,591496.2682
NOR,2018,59219.62514,16029470.17
NPL,2018,1672.116611,926822.2789
NZL,2018,79228.40057,56025702.53
PAK,2018,75.56168923,27464.30111
PAN,2018,27960.87249,15873544.79
PER,2018,211726.0289,136803520.2
PHL,2018,70533.57132,41507826.57
PLW,2018,3.891266192,2849.983787
PNG,2018,117935.0274,91758745.7
POL,2018,96845.84624,40265696.37
PRI,2018,1227.879928,641588.3259
PRK,2018,7691.718378,2831649.303
PRT,2018,97436.8978,28371743.71
PRY,2018,258779.6618,62124895.36
PSE,2018,2.027687645,559.0278734
ROU,2018,18974.17755,10304261.82
RUS,2018,5560430.925,1156699293
RWA,2018,4290.998467,3293336.702
SDN,2018,16.11576282,4261.961665
SEN,2018,300.9440968,82964.40958
SGP,2018,289.0268305,124148.1667
SLB,2018,17825.00856,14493398.6
SLE,2018,188217.4391,93861304.76
SLV,2018,2703.646446,1302427.766
SMR,2018,0.2231450161,53.80705756
SOM,2018,43.96594224,8355.64657
SPM,2018,0.2122785037,0
SRB,2018,3966.438141,2065060.368
SSD,2018,2640.938053,1118583.393
SUR,2018,19000.90115,15350907.26
SVK,2018,17698.55092,9974274.808
SVN,2018,8236.427725,4898759.391
SWE,2018,290151.4135,78280089.08
SWZ,2018,1919.918787,825248.8117
SYR,2018,903.4288939,252475.7514
TCA,2018,36.12955169,9679.721506
TCD,2018,6931.783337,2061978.106
TGO,2018,6783.649723,3716774.358
THA,2018,133532.581,78000084.27
TJK,2018,0.1800544647,67.16869081
TLS,2018,1243.598911,617842.0688
TTO,2018,947.239562,543348.5907
TUN,2018,902.6703476,285841.1849
TUR,2018,35668.33084,10594456.5
TWN,2018,1901.450375,851087.9868
TZA,2018,171708.2164,59359497.5
UGA,2018,86229.84192,39355989.02
UKR,2018,74418.51884,31565307.2
URY,2018,19527.97031,32570180.97
USA,2018,2092359.472,973586740
UZB,2018,0.4661042541,208.7063647
VCT,2018,17.01207724,11369.51396
VEN,2018,112107.3177,54349811.56
VGB,2018,6.212367641,2621.153028
VIR,2018,45.3920002,18080.19949
VNM,2018,225154.8913,167828392.7
VUT,2018,1031.350335,738553.1682
XAD,2018,0.8263686983,284.802548
XCA,2018,0.4361545909,0
XKO,2018,593.8940512,342353.5864
XNC,2018,17.554006,5105.164488
ZAF,2018,63666.7538,41709576.01
ZMB,2018,143944.2281,52616271.03
ZWE,2018,6557.176513,2720486.736
AFG,2019,17.11506676,5446.424578
AGO,2019,175098.3702,63028657.82
ALA,2019,2361.289576,778612.7572
ALB,2019,1074.144611,448921.6853
AND,2019,8.039982793,4016.86331
ARG,2019,145444.2708,40855840.79
ARM,2019,0.7064275936,251.0596413
ATG,2019,23.41031011,6545.590769
AUS,2019,1661547.603,414010452.7
AUT,2019,33642.4308,18489204.76
AZE,2019,11.94976343,4283.938517
BDI,2019,2386.329928,1231182.678
BEL,2019,5577.118213,3119351.002
BEN,2019,774.9856745,371114.0224
BES,2019,1.542565227,555.2415559
BFA,2019,0,860.6533645
BGD,2019,22078.75979,11604024.82
BGR,2019,4125.248048,1945083.092
BHS,2019,1557.773563,478476.9846
BIH,2019,1232.210397,714618.3082
BLR,2019,75048.52508,29389900.36
BLZ,2019,18372.6361,8726427.99
BOL,2019,852089.8685,350837731.8
BRA,2019,2696748.799,1612075541
BRB,2019,53.66338849,23166.12294
BRN,2019,1168.534273,716936.65
BTN,2019,819.5852354,445133.9172
BWA,2019,0.07219066733,16.04371048
CAF,2019,49026.38682,23810242.21
CAN,2019,2175715.708,466256499.5
CHE,2019,3518.709266,1951531.481
CHL,2019,78735.4683,37452171.03
CHN,2019,496972.4354,215121875.6
CIV,2019,242171.2792,135187819.1
CMR,2019,121800.9687,74067327.36
COD,2019,1220177.453,804116764.3
COG,2019,73758.07856,45940021.37
COL,2019,268409.8814,155942628
COM,2019,280.497285,147074.2014
CPV,2019,0.07433538297,0
CRI,2019,11485.67713,6529317.395
CUB,2019,7463.608391,2995186.336
CUW,2019,2.181803208,624.725334
CYM,2019,10.7603673,4545.112989
CYP,2019,43.45628982,13139.8942
CZE,2019,73295.19926,39985098.92
DEU,2019,108232.5108,61949110.42
DMA,2019,58.70914487,35493.95278
DNK,2019,9180.333627,3347681.051
DOM,2019,14930.83819,6919707.257
DZA,2019,6291.288202,1970118.935
ECU,2019,35645.82687,25287198
EGY,2019,20.90405681,4503.456515
ESP,2019,71021.86483,32223546.56
EST,2019,45916.92433,15097117.27
ETH,2019,25582.39839,12912829.58
FIN,2019,289910.399,64999100.7
FJI,2019,1455.840479,858193.9936
FRA,2019,81304.16864,43686591.92
GAB,2019,28561.01882,18711403.45
GBR,2019,28376.64374,13212756.75
GEO,2019,166.186344,90455.86639
GGY,2019,0.1504105626,49.88294954
GHA,2019,88256.57866,51826588.75
GIN,2019,193690.009,86517378.17
GLP,2019,70.26019323,29886.14113
GMB,2019,20.08557126,4606.557309
GNB,2019,15622.80369,6860069.59
GNQ,2019,9526.171885,6483863.823
GRC,2019,7604.301812,2034555.834
GRD,2019,21.06297714,10810.94459
GTM,2019,90198.05534,46117138.09
GUF,2019,3297.925826,2567910.642
GUY,2019,22324.42422,14182175.39
HKG,2019,24.57831574,6868.920443
HND,2019,81416.2314,41491442.77
HRV,2019,5977.626809,3091567.281
HTI,2019,4395.440811,1957577.712
HUN,2019,14397.95479,5827021.182
IDN,2019,1176884.144,714217530.3
IMN,2019,19.70500851,8108.298039
IND,2019,121154.4372,62064599.66
IRL,2019,10370.41353,5117872.944
IRN,2019,144.056465,38516.3527
IRQ,2019,0.062097214,19.06607707
ISR,2019,54.3579229,15075.7823
ITA,2019,59704.92033,24880665.82
JAM,2019,2292.155806,1202834.922
JOR,2019,0.5873644682,119.6045688
JPN,2019,51380.58321,26186906.22
KAZ,2019,1281.725584,515637.1429
KEN,2019,15950.24492,7193521.894
KGZ,2019,15.72676643,6622.053484
KHM,2019,143306.852,83467417.11
KNA,2019,8.903363912,4350.280661
KOR,2019,20731.59932,7783347.668
LAO,2019,364709.5483,186793962.9
LBN,2019,389.8077873,119910.4628
LBR,2019,171765.1598,99633859.67
LBY,2019,2.144342642,494.1795483
LCA,2019,21.89532865,12279.88459
LIE,2019,11.54441022,7389.216566
LKA,2019,10306.91388,4130380.216
LSO,2019,10.20990834,2416.738443
LTU,2019,24565.24756,9173532.323
LUX,2019,509.1976551,308540.7288
LVA,2019,57402.97054,20600637.29
MAC,2019,2.713134767,0
MAF,2019,0.5126036866,138.3443564
MAR,2019,1250.017486,396392.1893
MDA,2019,817.2113223,273664.4196
MDG,2019,254242.7373,124109572.3
MEX,2019,327437.7833,152298549.6
MKD,2019,1790.23903,844248.3849
MLI,2019,210.7572368,67254.23037
MMR,2019,309418.1611,169081617.8
MNE,2019,647.0065666,359481.7739
MNG,2019,2815.42297,685036.2779
MOZ,2019,235658.0519,90672269.78
MSR,2019,4.646877653,2341.466894
MTQ,2019,60.54677783,28659.26854
MWI,2019,12134.42215,4982539.448
MYS,2019,395367.2182,197858396.1
MYT,2019,34.90639032,17140.0937
NAM,2019,1.893531252,298.4322817
NCL,2019,811.9701678,361877.6408
NGA,2019,86894.81904,48487370.54
NIC,2019,77848.28348,44835218.94
NLD,2019,2481.328237,1197362.707
NOR,2019,64784.05595,17902238.02
NPL,2019,2087.028996,1168162.219
NZL,2019,71430.70374,52012323.85
PAK,2019,81.24308459,32251.74019
PAN,2019,33993.58828,19347632.66
PER,2019,231257.3813,152190801.3
PHL,2019,64038.61496,37894224.76
PLW,2019,8.698362266,7103.094867
PNG,2019,95134.67482,73246747.78
POL,2019,76720.94129,33336285.66
PRI,2019,695.0211409,319964.8948
PRK,2019,27492.24072,9892673.977
PRT,2019,36885.7725,13583217.55
PRY,2019,314372.6881,94649328.09
PSE,2019,0.2624685464,77.45270267
ROU,2019,12265.85886,6573784.93
RUS,2019,3686557.041,673001475.2
RWA,2019,2515.986112,2042896.158
SDN,2019,56.39586824,14610.98747
SEN,2019,277.6400026,71068.98943
SGP,2019,287.8738498,136499.1899
SLB,2019,16550.44465,13216251.28
SLE,2019,175466.6883,90011097.18
SLV,2019,2249.009113,1092610.165
SMR,2019,0.5018789417,141.3770913
SOM,2019,374.1389243,73732.73075
SPM,2019,0.3184201877,0
SRB,2019,3962.211903,2019018.179
SSD,2019,3753.592094,1634663.92
SUR,2019,18454.18882,14397769.91
SVK,2019,10330.87194,6112223.14
SVN,2019,3456.212072,2006109.315
SWE,2019,332890.8872,91801288.96
SWZ,2019,4116.906026,1578902.144
SYC,2019,0.8351447151,773.1763414
SYR,2019,1176.520275,347408.8245
TCA,2019,17.24336371,5333.441343
TCD,2019,5058.926739,1456673.62
TGO,2019,5230.015877,3050661.967
THA,2019,129794.0317,74160157.59
TJK,2019,0.05956594379,24.08338835
TLS,2019,1501.469835,751567.9493
TTO,2019,658.3583421,372748.2709
TUN,2019,572.7730101,186770.4578
TUR,2019,39117.93877,11290843.66
TWN,2019,1426.27424,645628.9224
TZA,2019,142772.9925,50717877.3
UGA,2019,63267.76411,30039611.78
UKR,2019,45136.78903,18992351.54
URY,2019,14519.35392,18570802.99
USA,2019,2109918.283,887326857.2
UZB,2019,17.63890152,6849.626513
VCT,2019,11.61693049,7187.657923
VEN,2019,140807.2202,68587755.42
VGB,2019,0.8769920894,343.4163848
VIR,2019,19.58205995,7526.034638
VNM,2019,216779.3961,160694405.8
VUT,2019,251.5703417,141004.9701
XAD,2019,0.6993120859,206.560629
XKO,2019,697.3994543,397287.9217
XNC,2019,12.5637078,3761.247884
ZAF,2019,76139.76107,44249761.97
ZMB,2019,124640.781,45822189.57
ZWE,2019,11553.32951,4701419.998
AFG,2020,36.58230789,13105.98244
AGO,2020,248028.4318,86374191.16
AIA,2020,0.1463298561,45.30981982
ALA,2020,673.4887731,224458.1164
ALB,2020,1117.787389,501747.05
AND,2020,27.49449199,16658.81487
ARG,2020,197379.0249,54813170.8
ARM,2020,18.54296916,7056.118006
ATG,2020,15.23599394,5182.216421
AUS,2020,2356516.288,689214454.3
AUT,2020,25936.51507,14716099.01
AZE,2020,22.77496149,7370.143309
BDI,2020,1856.851775,1075563.478
BEL,2020,5408.631203,3109598.344
BEN,2020,1605.561421,916794.0543
BES,2020,9.697954706,3593.832718
BFA,2020,0,6685.394819
BGD,2020,21475.16881,10886653.96
BGR,2020,4795.099953,2231302.169
BHS,2020,2696.178497,932638.463
BIH,2020,1842.071175,1018168.33
BLR,2020,68932.12499,27833416.92
BLZ,2020,26511.78449,13622892.82
BOL,2020,429780.2985,208196210.6
BRA,2020,3291391.787,1897473674
BRB,2020,22.10970874,7725.648212
BRN,2020,1166.427569,741966.8658
BTN,2020,1288.374488,696303.1629
BWA,2020,1.815258092,376.5796219
CAF,2020,55136.67812,28507833.17
CAN,2020,1195271.241,318382567.4
CHE,2020,3927.891163,2419602.622
CHL,2020,70591.90966,32096948.74
CHN,2020,422214.3528,183592610.6
CIV,2020,248501.7226,144070437.6
CMR,2020,202795.6687,134075756.8
COD,2020,1309975.508,857512772.5
COG,2020,64540.10162,40780701.44
COL,2020,324169.4405,196265814.3
COM,2020,265.5116203,136672.0207
CPV,2020,3.269718753,0
CRI,2020,8260.967071,4848932.273
CUB,2020,12618.45342,5158683.97
CUW,2020,1.9561277,540.4256614
CYM,2020,8.57770746,3339.392672
CYP,2020,33.19479004,9292.505247
CZE,2020,100258.2355,56265270.26
DEU,2020,186939.6372,112636661.1
DMA,2020,65.61122506,39603.60479
DNK,2020,3193.593482,1210757.919
DOM,2020,21441.16113,10058973.45
DZA,2020,13072.6666,4303926.26
ECU,2020,48915.08232,35809410.68
EGY,2020,18.13907617,3793.944382
ESP,2020,101988.1181,46028520.38
EST,2020,36805.36932,12295711.21
ETH,2020,17980.78234,8899547.026
FIN,2020,254472.5924,57509671.84
FJI,2020,2066.832067,1232128.488
FRA,2020,77745.73714,43805247.73
GAB,2020,22022.27397,14375573.45
GBR,2020,22842.4573,10567971.28
GEO,2020,222.153776,111388.0564
GGY,2020,0.1007280408,29.35232135
GHA,2020,136599.4771,82420122.47
GIN,2020,178406.6324,84757781.6
GLP,2020,51.92330284,22428.68724
GMB,2020,9.892571436,2274.550012
GNB,2020,17107.80285,7626781.401
GNQ,2020,4870.416282,3393471.26
GRC,2020,5427.3562,1523096.865
GRD,2020,18.43700219,9652.606318
GTM,2020,98556.3277,50214923.42
GUF,2020,4289.376692,3357845.637
GUY,2020,15769.9794,10466176.45
HKG,2020,72.53734313,29071.4656
HND,2020,93648.71909,48977192.03
HRV,2020,6051.886035,3118976.382
HTI,2020,3802.056739,1720981.092
HUN,2020,12013.5662,4916744.137
IDN,2020,961587.9431,570996419
IMN,2020,7.129409033,2966.757476
IND,2020,137715.5414,69894314.53
IRL,2020,6206.876041,3142136.068
IRN,2020,20.19200929,5475.664216
ISR,2020,46.46654974,12869.81129
ITA,2020,28246.4863,11043648.28
JAM,2020,2169.745702,1145537.585
JEY,2020,0.1519160606,71.66891259
JOR,2020,0.1957948364,39.32682592
JPN,2020,48057.78632,24829698.32
KAZ,2020,1853.267679,703074.0484
KEN,2020,19044.83437,9387709.477
KGZ,2020,11.89814012,5214.957671
KHM,2020,143487.8109,84208064.34
KNA,2020,10.14993487,4505.409216
KOR,2020,20123.31973,7543051.586
LAO,2020,357546.6878,188409531.9
LBN,2020,473.0846457,153736.5904
LBR,2020,220121.3662,130002756.5
LBY,2020,0.7809010562,179.9778557
LCA,2020,40.73259011,22988.70131
LIE,2020,3.214497264,2193.055075
LKA,2020,11216.44942,4389277.858
LSO,2020,16.0650561,3836.833227
LTU,2020,22970.48387,8790811.134
LUX,2020,654.6687526,408907.6639
LVA,2020,50462.78383,18603600
MAC,2020,0.8568552947,0
MAF,2020,1.611100141,693.2247299
MAR,2020,3620.779654,1209819.173
MDA,2020,1413.631173,479613.9282
MDG,2020,241112.0786,125011612.6
MEX,2020,299526.2896,136294526
MKD,2020,1856.080115,877472.319
MLI,2020,148.847412,54521.80684
MMR,2020,310005.3074,170249539.8
MNE,2020,983.183856,583049.0173
MNG,2020,464.6175161,132078.1893
MOZ,2020,232509.0705,88681200.46
MSR,2020,2.21254264,969.1900449
MTQ,2020,65.09517641,31989.42884
MWI,2020,16067.71657,6539663.712
MYS,2020,268721.4917,130146786
MYT,2020,166.7884906,83892.31388
NAM,2020,1.460983445,284.7463486
NCL,2020,4065.975496,1977550.223
NGA,2020,99199.51539,61046313.06
NIC,2020,111303.3128,61427454.9
NLD,2020,1921.856834,945302.8426
NOR,2020,68362.91363,18889994.7
NPL,2020,2232.811564,1195304.517
NZL,2020,60924.51433,45254637.11
PAK,2020,69.20160856,26099.97148
PAN,2020,27314.29496,15746424.36
PER,2020,278656.6803,182417379.5
PHL,2020,63727.59706,38058828.34
PLW,2020,16.25437658,10663.47202
PNG,2020,78439.73385,59920180.09
POL,2020,74958.89001,33222894.87
PRI,2020,680.7800017,349516.2979
PRK,2020,14775.53225,5576465.493
PRT,2020,62044.38837,22049183.04
PRY,2020,243379.1479,75656063.26
PSE,2020,0.2613848605,70.07142346
ROU,2020,27445.57389,15410829.42
RUS,2020,5442086.35,901083355.8
RWA,2020,3187.317101,2499117.174
SDN,2020,66.80291179,18221.66647
SEN,2020,758.458161,200503.374
SGP,2020,165.2030036,85939.40873
SLB,2020,14598.97726,11821843.86
SLE,2020,154640.5161,79896946.47
SLV,2020,2208.275242,1115738.963
SOM,2020,154.5187799,31534.98015
SPM,2020,0.7429691638,0
SRB,2020,4987.055852,2679361.873
SSD,2020,2326.226764,1095311.653
SUR,2020,15096.00654,11945742.66
SVK,2020,11947.17887,7001738.894
SVN,2020,3889.417593,2339019.054
SWE,2020,339968.2296,96177722.57
SWZ,2020,2684.091136,1080510.727
SYR,2020,3037.67036,598629.4242
TCA,2020,34.41261375,10591.6741
TCD,2020,3433.489616,1057626.917
TGO,2020,5506.800261,3204138.944
THA,2020,119414.1862,68446960.55
TJK,2020,0.4276713535,148.9275502
TLS,2020,1458.868184,734265.78
TTO,2020,859.9870257,493853.575
TUN,2020,1062.164916,317523.1533
TUR,2020,45348.5848,12942216.03
TWN,2020,1461.499655,643329.0595
TZA,2020,186212.5317,68098824.53
UGA,2020,73603.22695,36537564.57
UKR,2020,79457.53143,30097671.74
URY,2020,12682.12121,15627935.65
USA,2020,1966716.375,934766116.5
UZB,2020,3.18195055,1252.048904
VCT,2020,7.119596357,4590.057593
VEN,2020,139301.839,71646807.38
VGB,2020,0.07308887035,27.58803293
VIR,2020,14.00582781,5206.362253
VNM,2020,207640.5918,150712092.5
VUT,2020,3935.034108,2580476.122
XAD,2020,0.5720593218,133.9614329
XCA,2020,0.1644274614,0
XKO,2020,970.7898047,550208.5801
XNC,2020,6.185125571,1061.605749
ZAF,2020,62247.30063,39412783.32
ZMB,2020,163028.4378,60644221.05
ZWE,2020,6224.919002,2681112.466
AFG,2021,26.4824616,8211.542132
AGO,2021,298294.0696,118783175.7
AIA,2021,1.682781696,488.6814919
ALA,2021,1355.404368,462211.5935
ALB,2021,1685.677236,571868.3911
AND,2021,2.224712977,1421.862248
ARG,2021,201881.8411,64444344.13
ARM,2021,4.964722322,1997.656288
ATG,2021,39.15892521,13350.60718
AUS,2021,261043.5535,114826401.8
AUT,2021,16651.64155,9272393.08
AZE,2021,85.22633726,34977.10098
BDI,2021,2272.251753,1360545.361
BEL,2021,9142.899488,5383716.639
BEN,2021,1704.951118,1862919.389
BES,2021,0.225687472,67.95468537
BFA,2021,0,38603.46972
BGD,2021,17587.28023,8921149.598
BGR,2021,6683.899225,3244452.13
BHS,2021,1548.812895,597603.632
BIH,2021,1018.740783,569849.7769
BLR,2021,63478.9778,26327361.85
BLZ,2021,9289.645588,4486581.046
BOL,2021,558393.1163,259206337.7
BRA,2021,2991909.306,1880308898
BRB,2021,17.2387927,6429.053702
BRN,2021,953.160658,639647.0956
BTN,2021,1278.575893,683134.2064
BWA,2021,1.424780803,342.3376706
CAF,2021,67180.61472,35928054.21
CAN,2021,2524984.99,498002429.6
CHE,2021,3455.91214,2096274.605
CHL,2021,71610.47119,43571600.64
CHN,2021,536655.7459,237734537.8
CIV,2021,183248.3987,110941610
CMR,2021,168797.7997,106320925.9
COD,2021,1247857.47,823877382.1
COG,2021,58192.69138,36989204.25
COL,2021,265167.7357,161859555.4
COM,2021,164.5376841,85515.685
CRI,2021,7847.994494,4628624.802
CUB,2021,9720.833319,4320215.767
CUW,2021,4.063811762,1135.211893
CYM,2021,10.10522126,4278.473395
CYP,2021,642.8700344,108195.7383
CZE,2021,56292.53564,31834588.8
DEU,2021,202277.8178,121922930.8
DMA,2021,30.35926319,19469.97146
DNK,2021,4795.048928,1910619.542
DOM,2021,14182.19621,6811189.633
DZA,2021,20472.89262,6944736.492
ECU,2021,30273.22097,22618319.58
EGY,2021,17.81208131,3904.211787
ERI,2021,0,41.40410612
ESP,2021,85791.95758,38864410.59
EST,2021,34004.02271,11708365.23
ETH,2021,19751.43828,10289351.24
FIN,2021,266899.1262,62021985.7
FJI,2021,7198.83328,4503554.629
FRA,2021,112886.0348,66337869.11
GAB,2021,18317.62963,12275934.01
GBR,2021,26215.79534,12659032.82
GEO,2021,420.2624458,225887.1784
GGY,2021,0.55413069,197.9912592
GHA,2021,101378.9547,64131617.46
GIN,2021,167376.7459,78964104.72
GLP,2021,67.73279767,28299.59873
GMB,2021,19.0373595,7646.740233
GNB,2021,13684.85412,6360465.842
GNQ,2021,8905.680921,6166606.304
GRC,2021,49038.51921,8967827.727
GRD,2021,15.95471226,8968.058861
GTM,2021,49896.23235,26457914.37
GUF,2021,2205.032998,1743047.422
GUY,2021,9536.996539,6741009.775
HKG,2021,58.3747495,24352.58092
HND,2021,69497.94968,36918766.77
HRV,2021,5264.327176,2787659.423
HTI,2021,2413.744533,1152083.857
HUN,2021,13752.8992,5857555.818
IDN,2021,841391.391,489268151.1
IMN,2021,13.98223792,5679.969495
IND,2021,132747.5857,67512432.4
IRL,2021,8779.724237,4594743.173
IRN,2021,20.99845652,5968.689086
ISR,2021,28.61547411,7774.790448
ITA,2021,28263.99584,10093360.49
JAM,2021,1485.24724,770380.5093
JEY,2021,1.62036094,704.2705321
JPN,2021,48455.78435,25454008.01
KAZ,2021,718.4090624,279804.0931
KEN,2021,7564.226607,3618557.15
KGZ,2021,17.53534597,7915.697041
KHM,2021,144246.3399,85815125.08
KNA,2021,9.416269064,4388.236032
KOR,2021,17343.51161,6693589.893
LAO,2021,317575.3887,166674209.1
LBN,2021,672.6176721,160277.4265
LBR,2021,129838.0108,76255710.79
LBY,2021,0.5196089612,131.019419
LCA,2021,34.60395207,20470.02752
LIE,2021,0.6322705608,393.6457357
LKA,2021,13295.78236,5035561.167
LSO,2021,16.91761748,4684.795344
LTU,2021,22633.62647,8970285.213
LUX,2021,1054.579088,682313.1131
LVA,2021,48422.10577,18399085.88
MAF,2021,2.123582321,839.9467196
MAR,2021,1538.462118,517972.7163
MDA,2021,1131.309422,390063.0802
MDG,2021,234879.894,119092314.1
MEX,2021,189079.4191,85095813.72
MKD,2021,2304.283069,852333.5216
MLI,2021,130.3092423,139124.0767
MMR,2021,304151.7459,169243724.3
MNE,2021,507.7594136,264169.7146
MNG,2021,186.6896926,61349.15431
MOZ,2021,278039.3502,109135619.7
MSR,2021,2.507342792,1306.223635
MTQ,2021,43.55235253,21432.65036
MWI,2021,16564.31078,6709257.538
MYS,2021,277553.7327,133801627.4
MYT,2021,63.72506182,31104.80724
NAM,2021,4.372500487,2399.878999
NCL,2021,656.2899234,318877.7704
NER,2021,0,48.64331572
NGA,2021,97193.04939,65653001.68
NIC,2021,91850.90686,52202406.88
NLD,2021,2456.673268,1264890.84
NOR,2021,63937.4326,18174753.86
NPL,2021,2752.510133,1492677.63
NZL,2021,66242.98621,52346046.15
PAK,2021,63.18273148,23750.66559
PAN,2021,24390.43732,14086594.35
PER,2021,225203.9441,148262336.4
PHL,2021,48882.82363,29506854.88
PLW,2021,3.280796891,2567.025758
PNG,2021,76613.32149,58888594.11
POL,2021,77568.08842,35108933.25
PRI,2021,690.9724485,357703.1256
PRK,2021,13742.55346,5354965.019
PRT,2021,37223.92353,15319360.71
PRY,2021,277165.3843,82933207.43
ROU,2021,14699.4411,8040293.864
RUS,2021,6518851.583,930675126.3
RWA,2021,2922.131627,2607024.709
SDN,2021,50.32012087,14937.44511
SEN,2021,176.6263064,65520.59951
SGP,2021,200.9646094,97172.67544
SLB,2021,11999.64431,9647045.903
SLE,2021,113032.5737,58480210.91
SLV,2021,1488.705839,755760.4878
SOM,2021,169.1360008,33862.48207
SRB,2021,4072.238843,2119111.779
SSD,2021,2812.002841,1311223.737
SUR,2021,12262.02727,10100065.84
SVK,2021,6097.650248,3665461.382
SVN,2021,2232.826411,1342888.255
SWE,2021,333156.9565,96636099.21
SWZ,2021,3160.017833,1402300.182
SXM,2021,0.07325181551,19.88237537
SYC,2021,0.151835789,95.00830723
SYR,2021,2856.115068,555392.3056
TCA,2021,43.21771064,13258.6663
TCD,2021,5095.147735,2259264.066
TGO,2021,5897.964231,3701614.945
THA,2021,122815.8115,73029886.95
TLS,2021,1430.726611,739678.9871
TTO,2021,315.7758219,186374.5663
TUN,2021,2079.124414,692357.277
TUR,2021,79284.22953,20036165.39
TWN,2021,1463.193064,664623.4228
TZA,2021,165076.8303,63140296.56
UGA,2021,49244.9907,25131746.34
UKR,2021,66576.80737,27333755.21
URY,2021,16999.25677,43365548.17
USA,2021,2044298.918,1003579423
UZB,2021,3.505739946,829.3586253
VCT,2021,13.03725397,7976.620262
VEN,2021,64423.75979,32818310.1
VGB,2021,4.092813938,1692.75989
VIR,2021,19.2771757,7506.259157
VNM,2021,193074.0674,147126388.3
VUT,2021,57.74947852,33364.63569
XAD,2021,0.8266335694,218.367591
XCA,2021,0.3239588775,0
XKO,2021,520.1185163,308712.9341
XNC,2021,2.711850674,753.6150831
ZAF,2021,52067.37509,38510265.05
ZMB,2021,201456.6103,78283142.33
ZWE,2021,9054.487215,3920827.888